{
  "Ansi 6 Color" : {
    "Red Component" : 0.25490196078431371,
    "Color Space" : "P3",
    "Blue Component" : 0.84705882352941175,
    "Alpha Component" : 1,
    "Green Component" : 0.5725490196078431
  },
  "Tags" : [

  ],
  "Ansi 12 Color" : {
    "Green Component" : 0.50448882579803467,
    "Blue Component" : 0.838664710521698,
    "Red Component" : 0.061654355376958847
  },
  "Ansi 7 Color" : {
    "Green Component" : 0.8579363226890564,
    "Blue Component" : 0.89713811874389648,
    "Red Component" : 0.84028750658035278
  },
  "Draw Powerline Glyphs" : false,
  "Bold Color" : {
    "Green Component" : 0.8579363226890564,
    "Blue Component" : 0.89713811874389648,
    "Red Component" : 0.84028750658035278
  },
  "Ansi 8 Color" : {
    "Green Component" : 0.8579363226890564,
    "Blue Component" : 0.89713811874389648,
    "Red Component" : 0.84028750658035278
  },
  "Ansi 9 Color" : {
    "Red Component" : 0.23529377579689026,
    "Color Space" : "sRGB",
    "Blue Component" : 0.38272037244720997,
    "Alpha Component" : 1,
    "Green Component" : 0.90587896108627319
  },
  "Link Color" : {
    "Red Component" : 0,
    "Color Space" : "sRGB",
    "Blue Component" : 0.87058823529411766,
    "Alpha Component" : 1,
    "Green Component" : 0.58431372549019611
  },
  "Rows" : 35,
  "Default Bookmark" : "No",
  "Right Option Key Sends" : 0,
  "Cursor Guide Color" : {
    "Red Component" : 0.70213186740875244,
    "Color Space" : "sRGB",
    "Blue Component" : 1,
    "Alpha Component" : 0.25,
    "Green Component" : 0.9268307089805603
  },
  "Non-ASCII Anti Aliased" : true,
  "Use Bright Bold" : false,
  "Ansi 10 Color" : {
    "Green Component" : 0.82695949077606201,
    "Blue Component" : 0.379891037940979,
    "Red Component" : 0.11459558457136154
  },
  "Ambiguous Double Width" : false,
  "Jobs to Ignore" : [
    "rlogin",
    "ssh",
    "slogin",
    "telnet"
  ],
  "Ansi 15 Color" : {
    "Green Component" : 1,
    "Blue Component" : 1,
    "Red Component" : 1
  },
  "Foreground Color" : {
    "Green Component" : 0.8579363226890564,
    "Blue Component" : 0.89713811874389648,
    "Red Component" : 0.84028750658035278
  },
  "Working Directory" : "\/Users\/james.slomka",
  "Blinking Cursor" : false,
  "Disable Window Resizing" : true,
  "Sync Title" : false,
  "Prompt Before Closing 2" : false,
  "BM Growl" : true,
  "Command" : "",
  "Description" : "Default",
  "Mouse Reporting" : true,
  "Screen" : -1,
  "Selection Color" : {
    "Red Component" : 0.70247024297714233,
    "Color Space" : "P3",
    "Blue Component" : 0.62895458936691284,
    "Alpha Component" : 1,
    "Green Component" : 0.70173805952072144
  },
  "Columns" : 135,
  "Idle Code" : 0,
  "Ansi 13 Color" : {
    "Green Component" : 0.3135044276714325,
    "Blue Component" : 0.72698760032653809,
    "Red Component" : 0.32478702068328857
  },
  "Brighten Bold Text" : false,
  "Custom Command" : "Yes",
  "ASCII Anti Aliased" : true,
  "Non Ascii Font" : "Menlo-Regular 11",
  "Vertical Spacing" : 1,
  "Use Bold Font" : true,
  "Option Key Sends" : 0,
  "Selected Text Color" : {
    "Green Component" : 0.8579363226890564,
    "Blue Component" : 0.89713811874389648,
    "Red Component" : 0.84028750658035278
  },
  "Background Color" : {
    "Red Component" : 0.13333333333333333,
    "Color Space" : "P3",
    "Blue Component" : 0.13333333333333333,
    "Alpha Component" : 1,
    "Green Component" : 0.13333333333333333
  },
  "Character Encoding" : 4,
  "Ansi 11 Color" : {
    "Green Component" : 0.74144089221954346,
    "Blue Component" : 0.035377603024244308,
    "Red Component" : 0.95126962661743164
  },
  "Thin Strokes" : 4,
  "Use Italic Font" : true,
  "Unlimited Scrollback" : true,
  "Keyboard Map" : {

  },
  "Window Type" : 0,
  "Cursor Type" : 1,
  "Background Image Location" : "",
  "Blur" : false,
  "Badge Color" : {
    "Red Component" : 1,
    "Color Space" : "sRGB",
    "Blue Component" : 0,
    "Alpha Component" : 0.5,
    "Green Component" : 0.14901960784313725
  },
  "Scrollback Lines" : 0,
  "Send Code When Idle" : false,
  "Close Sessions On End" : true,
  "Terminal Type" : "xterm-256color",
  "Visual Bell" : true,
  "Flashing Bell" : false,
  "Silence Bell" : false,
  "Unicode Normalization" : 0,
  "Ansi 14 Color" : {
    "Green Component" : 0.4900696873664856,
    "Blue Component" : 0.85764402151107788,
    "Red Component" : 0.059441849589347819
  },
  "Name" : "James",
  "Cursor Text Color" : {
    "Green Component" : 0.062745101749896975,
    "Blue Component" : 0.062745101749896975,
    "Red Component" : 0.062745101749896975
  },
  "Minimum Contrast" : 0,
  "Shortcut" : "",
  "Match Background Color" : {
    "Red Component" : 0.8128315806388855,
    "Color Space" : "P3",
    "Blue Component" : 0.53208154439926147,
    "Alpha Component" : 1,
    "Green Component" : 0.8128400444984436
  },
  "Cursor Color" : {
    "Green Component" : 0.72549021244049072,
    "Blue Component" : 0.72549021244049072,
    "Red Component" : 0.72549021244049072
  },
  "Transparency" : 0,
  "Ansi 0 Color" : {
    "Green Component" : 0.12343578040599823,
    "Blue Component" : 0.12343787401914597,
    "Red Component" : 0.1234394758939743
  },
  "Horizontal Spacing" : 1,
  "Ansi 3 Color" : {
    "Green Component" : 0.72761225700378418,
    "Blue Component" : 0.060177117586135864,
    "Red Component" : 0.92706489562988281
  },
  "Guid" : "DBD2F830-8213-4B37-8E3B-64010EC03B76",
  "Ansi 5 Color" : {
    "Red Component" : 0.20000000000000001,
    "Color Space" : "sRGB",
    "Blue Component" : 0.85882352941176465,
    "Alpha Component" : 1,
    "Green Component" : 0.59607843137254901
  },
  "Use Non-ASCII Font" : true,
  "Ansi 1 Color" : {
    "Green Component" : 0.067135065793991089,
    "Blue Component" : 0.095619738101959256,
    "Red Component" : 0.97170770168304443
  },
  "Normal Font" : "Monaco 12",
  "Custom Directory" : "No",
  "Ansi 4 Color" : {
    "Red Component" : 0.24466848373413086,
    "Color Space" : "sRGB",
    "Blue Component" : 1,
    "Alpha Component" : 1,
    "Green Component" : 0.69874864919476376
  },
  "Ansi 2 Color" : {
    "Green Component" : 0.77383565902709961,
    "Blue Component" : 0.36823004484176636,
    "Red Component" : 0.17600196599960327
  }
}